observationId,metricId,valueDate,value,unit,sourceDefinitionId,releaseAvailableAt,revisionSequence,supersedesObservationId,rawArtifactId
obs-pbc-fa9bb07317c20d27b6d3189546ba19e57f475b18952d289d8c121fe8aa72c1a0,MACRO_AFRE_STOCK_BALANCE,2017-01,161.3437,万亿元,pbc-afre-stock-balance-2018-07-backcast-v1,2018-08-13T19:25:12+08:00,1,obs-pbc-c5be8f976603d56d2877cfa9d5b906e439f57a6dbf9aeab343401bb7e9aa6f27,artifact-r2-5891fa8c3962a9b279a39b52b15333394c6a4948b4a347f934beba7685dae60d
obs-pbc-be771c34569f051468c31a2a25f19fd9eb82f58354f0026d64060598d2d39fa2,MACRO_AFRE_STOCK_BALANCE,2017-01,164.8295,万亿元,pbc-afre-stock-balance-2018-09-backcast-v1,2018-10-17T16:00:01+08:00,2,obs-pbc-fa9bb07317c20d27b6d3189546ba19e57f475b18952d289d8c121fe8aa72c1a0,artifact-r2-8ea1cee4cc4eb710ec4d4c1d42641971390e7de3231266b5b73825259230e2d5
obs-pbc-af21bd3edf0da942483bb1cc75822ec58a5336eb6ad6a9cdc6b7617f0f8b05f4,MACRO_AFRE_STOCK_BALANCE,2017-01,164.9891,万亿元,pbc-afre-stock-balance-2019-09-backcast-v1,2019-10-15T16:30:02+08:00,3,obs-pbc-be771c34569f051468c31a2a25f19fd9eb82f58354f0026d64060598d2d39fa2,artifact-r2-8276b3e14aa1c318d758f9ba4444b0211f2c2c6919e0c11af2b7273e599cecee
obs-pbc-00523fc6fbc0a46ad45d63f33f43ab438baebd5284b82ee7072008727a329e99,MACRO_AFRE_STOCK_BALANCE,2017-02,162.4434,万亿元,pbc-afre-stock-balance-2018-07-backcast-v1,2018-08-13T19:25:12+08:00,1,obs-pbc-d28e7f9fd82f4a4b6c5f4a8a3e4b66d742516d8f3d23e1b15ae346189e8be56e,artifact-r2-ca3a05ffc0ad74e95916b9bebc31a0a48a4cc1c61865f3fb89adecb9d8bd7d99
obs-pbc-c27e32ded66ee41a257c249b5bdbd74894db75241a34d266d5c470a3f3090a9e,MACRO_AFRE_STOCK_BALANCE,2017-02,165.9291,万亿元,pbc-afre-stock-balance-2018-09-backcast-v1,2018-10-17T16:00:01+08:00,2,obs-pbc-00523fc6fbc0a46ad45d63f33f43ab438baebd5284b82ee7072008727a329e99,artifact-r2-a242d748d8af6a348fdbaf4ea5220b3285fd1f376d1220763425b43635d22dd1
obs-pbc-633b90184f7369e01469065156c680f423a491f7e1b9c2232fa24d08ec2831fb,MACRO_AFRE_STOCK_BALANCE,2017-02,166.1124,万亿元,pbc-afre-stock-balance-2019-09-backcast-v1,2019-10-15T16:30:02+08:00,3,obs-pbc-c27e32ded66ee41a257c249b5bdbd74894db75241a34d266d5c470a3f3090a9e,artifact-r2-3b81edd2fd5b1c5f8320257739ef929eeef06296c9b1c9bc8477c487aee311f3
obs-pbc-2c942a25ec40229436ead819539c233d5167ff1a58df2ba5e97a555dbd48cddc,MACRO_AFRE_STOCK_BALANCE,2017-03,164.64700000000002,万亿元,pbc-afre-stock-balance-2018-07-backcast-v1,2018-08-13T19:25:12+08:00,1,obs-pbc-35180097d4a151b5d73be6c30b1f6ab1588b6da9216273d2233526d5893919b6,artifact-r2-138dc42c9d63ab9756c8c407e2ab2da41efb49cd7e9158788e9891a99b4d903c
obs-pbc-dc5882a68e50acd580b8e8cced7b7d35d0cbd9ab9a41a0e71890bde0f23b5de1,MACRO_AFRE_STOCK_BALANCE,2017-03,168.3133,万亿元,pbc-afre-stock-balance-2018-09-backcast-v1,2018-10-17T16:00:01+08:00,2,obs-pbc-2c942a25ec40229436ead819539c233d5167ff1a58df2ba5e97a555dbd48cddc,artifact-r2-67832b06ba1e6239658b27cfb3c3744a601b53dd16cd6c710d6ff91059cf333d
obs-pbc-c6c550d1f33be50c01ff74afb660e33409972edd3a822dc700f4885958f92a7f,MACRO_AFRE_STOCK_BALANCE,2017-03,168.5104,万亿元,pbc-afre-stock-balance-2019-09-backcast-v1,2019-10-15T16:30:02+08:00,3,obs-pbc-dc5882a68e50acd580b8e8cced7b7d35d0cbd9ab9a41a0e71890bde0f23b5de1,artifact-r2-57ce7c19b1a9b5c62e7f591c660d448bad5effb849ec11e89496079aa274fad7
obs-pbc-55c3a67e9ea7a6637d74e794a3b95166ca5bbc4c8074f79f9493dc7ae997c51a,MACRO_AFRE_STOCK_BALANCE,2017-04,165.96640000000002,万亿元,pbc-afre-stock-balance-2018-07-backcast-v1,2018-08-13T19:25:12+08:00,1,obs-pbc-fdc2af533b75529d7299910d789863c3287efb9d192d03652cf7695db6c7d6b9,artifact-r2-64c925ddad2c6d1d041361b6d8a5f19ea324dbd67811fa9420cb98091a60a174
obs-pbc-ec3fedae3d18e370b6d00181cce529542a2fdc396145db497095bcda69152d18,MACRO_AFRE_STOCK_BALANCE,2017-04,169.8347,万亿元,pbc-afre-stock-balance-2018-09-backcast-v1,2018-10-17T16:00:01+08:00,2,obs-pbc-55c3a67e9ea7a6637d74e794a3b95166ca5bbc4c8074f79f9493dc7ae997c51a,artifact-r2-8cb86484342e328e1d0b0773678e40611bd67870d8e1d92a7f1d07f6b65d5d7e
obs-pbc-498ed470a3c73dfa0691b2c4166aa1c417f6bc4f2e376ea289d6b69e3187d407,MACRO_AFRE_STOCK_BALANCE,2017-04,170.0444,万亿元,pbc-afre-stock-balance-2019-09-backcast-v1,2019-10-15T16:30:02+08:00,3,obs-pbc-ec3fedae3d18e370b6d00181cce529542a2fdc396145db497095bcda69152d18,artifact-r2-7617e699cad242ecab97b6c4ad3793a109ce35eefbd41ca913ec51e75522b6e9
obs-pbc-533f762cdf3394ec2610ac4fd44418ee1fc79db95275e4fc18578f7f89c76164,MACRO_AFRE_STOCK_BALANCE,2017-05,167.0461,万亿元,pbc-afre-stock-balance-2018-07-backcast-v1,2018-08-13T19:25:12+08:00,1,obs-pbc-fd0fefda8428913bdb797a989500b193c63c4f3bd742ae6338eb0ce06003436e,artifact-r2-cd7c17378a02eb5314a3f77bc24b585350cbd90d2d86bb2f45b26aee2d532f74
obs-pbc-3505e36799650605488d315e47ae538c53433ef13185720cb34c1b147f6ea133,MACRO_AFRE_STOCK_BALANCE,2017-05,171.1078,万亿元,pbc-afre-stock-balance-2018-09-backcast-v1,2018-10-17T16:00:01+08:00,2,obs-pbc-533f762cdf3394ec2610ac4fd44418ee1fc79db95275e4fc18578f7f89c76164,artifact-r2-672733437072e184154857cc193ab81a5bbc710342aacf757d0d24ffa34f35a9
obs-pbc-a28d8626786a8157c37d34e775f2ab72580c450e3c36cd7e455188074d4df15f,MACRO_AFRE_STOCK_BALANCE,2017-05,171.33020000000002,万亿元,pbc-afre-stock-balance-2019-09-backcast-v1,2019-10-15T16:30:02+08:00,3,obs-pbc-3505e36799650605488d315e47ae538c53433ef13185720cb34c1b147f6ea133,artifact-r2-dba43caf2d777f45593de99eeae84bea9d53b5c7efa64e58e025e6257c3e00fb
obs-pbc-fea9ed57561df94101b246624647fe4f254fc760bc44eaad2cd93761595007ec,MACRO_AFRE_STOCK_BALANCE,2017-06,168.8848,万亿元,pbc-afre-stock-balance-2018-07-backcast-v1,2018-08-13T19:25:12+08:00,1,obs-pbc-d2796571f31640aff9597211314b3a60d212871e3b831e2b762c921bf8df2728,artifact-r2-29de04092dde8602fff216c90e32d4522da3fcded805c8233d6548c65fe8a1c6
obs-pbc-82ddfc5bfc011c44057ef9d20c554cb017fc57fdc806fa33164973a02113a264,MACRO_AFRE_STOCK_BALANCE,2017-06,173.1455,万亿元,pbc-afre-stock-balance-2018-09-backcast-v1,2018-10-17T16:00:01+08:00,2,obs-pbc-fea9ed57561df94101b246624647fe4f254fc760bc44eaad2cd93761595007ec,artifact-r2-5b8539fa666a54d0da24dd65fcba31decd5fa002fa5e759630cf962548d3179d
obs-pbc-73d4136dbeae2b393c4864e98e0cda0f3384da8354d52ab4a63fa56a9de70bde,MACRO_AFRE_STOCK_BALANCE,2017-06,173.38500000000002,万亿元,pbc-afre-stock-balance-2019-09-backcast-v1,2019-10-15T16:30:02+08:00,3,obs-pbc-82ddfc5bfc011c44057ef9d20c554cb017fc57fdc806fa33164973a02113a264,artifact-r2-261ff543fd5fadd955d6ed52f38d652a31d8d71fe2abda4f51b6b8e2a89c4a2e
obs-pbc-9d7cdfdc3bada2a16e7f401a5b56f853e283a95ada38e26378843e3a992773e2,MACRO_AFRE_STOCK_BALANCE,2017-07,169.9453,万亿元,pbc-afre-stock-balance-2018-07-backcast-v1,2018-08-13T19:25:12+08:00,1,obs-pbc-b3b8a7fb91ad20cfb0403dde009072615acef096383376bd5709e990d62165ae,artifact-r2-5679c9354d020cd6c34a29c416f8c08cd657f2b1514115389d7a93f57b27105a
obs-pbc-07c71fc46787491425103461fa8c44d8a4f6b25be51c1e35e6a7d143ffbcec51,MACRO_AFRE_STOCK_BALANCE,2017-07,174.5387,万亿元,pbc-afre-stock-balance-2018-09-backcast-v1,2018-10-17T16:00:01+08:00,2,obs-pbc-9d7cdfdc3bada2a16e7f401a5b56f853e283a95ada38e26378843e3a992773e2,artifact-r2-a2ba3f87035d394a95dd0240729e3727bc4ad6c7b16e86591a0ddd469f2ac797
obs-pbc-f63c96306adf60cf3b6cd1c47936ba153d15af2f5d7f8298400496a620c1e111,MACRO_AFRE_STOCK_BALANCE,2017-07,174.7827,万亿元,pbc-afre-stock-balance-2019-09-backcast-v1,2019-10-15T16:30:02+08:00,3,obs-pbc-07c71fc46787491425103461fa8c44d8a4f6b25be51c1e35e6a7d143ffbcec51,artifact-r2-69b92dcb8186aa8620910fd90256d35ddc5ce577679974569e99e078d103a55b
obs-pbc-aefa250e9b612f1631f0fab526471a9cd61c426cd950abd93215e28f2db1fc7f,MACRO_AFRE_STOCK_BALANCE,2017-08,171.4207,万亿元,pbc-afre-stock-balance-2018-07-backcast-v1,2018-08-13T19:25:12+08:00,1,obs-pbc-f1e9e8d83ec25eee7ad5d6770740e9e4ad8cb557f9d6b8522704a2ce7e5bcd09,artifact-r2-72ba6f85adfe1a6be30349ffe0f548ed9f3d7c92b1560cd15cd5cb7ccfefc930
obs-pbc-b1278ce58f99c2e08e32ca7979f58f75b0c855f422e416e650e86c3c172153b6,MACRO_AFRE_STOCK_BALANCE,2017-08,176.2064,万亿元,pbc-afre-stock-balance-2018-09-backcast-v1,2018-10-17T16:00:01+08:00,2,obs-pbc-aefa250e9b612f1631f0fab526471a9cd61c426cd950abd93215e28f2db1fc7f,artifact-r2-0714a7a5af593da2d22d205ce7210f611121cc2c989d8432f02b8ed6592b8012
obs-pbc-c262c813f4067025be823e3046301e5c7fd3b76df35a595e766c5f9197b96067,MACRO_AFRE_STOCK_BALANCE,2017-08,176.49530000000001,万亿元,pbc-afre-stock-balance-2019-09-backcast-v1,2019-10-15T16:30:02+08:00,3,obs-pbc-b1278ce58f99c2e08e32ca7979f58f75b0c855f422e416e650e86c3c172153b6,artifact-r2-efbcaab58b44ee42ad75efcc3166b8fc4eedf1e9189e3f6716fd3279ffc31cad
obs-pbc-05a0184c79d70f7ba90b0deadecbc613309689e557951e56fbb344348c2385f5,MACRO_AFRE_STOCK_BALANCE,2017-09,173.3625,万亿元,pbc-afre-stock-balance-2018-07-backcast-v1,2018-08-13T19:25:12+08:00,1,obs-pbc-c2faf014f83d0cebf1df88e9504482e07263ae09e6acf555bcf6b7d79b7c2d1e,artifact-r2-8767b9e72f7a5928deb29d4e2f241e5d939ea6d0ea8b85a488b627ba27bee518
obs-pbc-14c3ac042934ef9ede4865fd66b7cfd5030b9a8a3187f73192dcfd060abcc463,MACRO_AFRE_STOCK_BALANCE,2017-09,178.3999,万亿元,pbc-afre-stock-balance-2018-09-backcast-v1,2018-10-17T16:00:01+08:00,2,obs-pbc-05a0184c79d70f7ba90b0deadecbc613309689e557951e56fbb344348c2385f5,artifact-r2-d85cc93a2f380e7507f54f76bbe650afa2b69349af952b36315ceaddf5df77b6
obs-pbc-d34bb676b358bf6e5f47707bc37b89c2e7cf38b1e0f967aa96b7af278e64cbe8,MACRO_AFRE_STOCK_BALANCE,2017-09,178.6912,万亿元,pbc-afre-stock-balance-2019-09-backcast-v1,2019-10-15T16:30:02+08:00,3,obs-pbc-14c3ac042934ef9ede4865fd66b7cfd5030b9a8a3187f73192dcfd060abcc463,artifact-r2-b5c7a717a897f6684ae8857e125c10cdaad8dde5f13ce6b1cb099a36a01984c7
obs-pbc-7dd7745634811b0bb1ac8d9c8067679a9436a520fd67a7ea16aabf68af5ab2ee,MACRO_AFRE_STOCK_BALANCE,2017-10,174.36360000000002,万亿元,pbc-afre-stock-balance-2018-07-backcast-v1,2018-08-13T19:25:12+08:00,1,obs-pbc-1b8422c540b80a2d9645d6968b03ec80fa387731339dc7be85af4c503f81117e,artifact-r2-566e0ce0248f5586208da79eae2e485279c77648bac5e4b8fb984f7687467cc0
obs-pbc-6ad22f69fe2b7fcc0885b3335a6466db4395405c81e6e631d86335b95e7b0785,MACRO_AFRE_STOCK_BALANCE,2017-10,179.5324,万亿元,pbc-afre-stock-balance-2018-09-backcast-v1,2018-10-17T16:00:01+08:00,2,obs-pbc-7dd7745634811b0bb1ac8d9c8067679a9436a520fd67a7ea16aabf68af5ab2ee,artifact-r2-4b6af009f602741e3d83e2c0b87818a5623036c6cd982da1bd9c27e821446527
obs-pbc-49344f4bf5ff7374658beadbbe6fab32a9466939e4bab5290223f2175ad43500,MACRO_AFRE_STOCK_BALANCE,2017-10,179.8449,万亿元,pbc-afre-stock-balance-2019-09-backcast-v1,2019-10-15T16:30:02+08:00,3,obs-pbc-6ad22f69fe2b7fcc0885b3335a6466db4395405c81e6e631d86335b95e7b0785,artifact-r2-ac74c0619f5a190fc34709bf688c5e442cb8d22500c841ad36fb3f7509a35f00
obs-pbc-8d9ea9be171755ba51c68f866f88d8790f539af5832d5e848e10d9ed49ed986b,MACRO_AFRE_STOCK_BALANCE,2017-11,175.98680000000002,万亿元,pbc-afre-stock-balance-2018-07-backcast-v1,2018-08-13T19:25:12+08:00,1,obs-pbc-94e29b59f2f78f72d635c875124535f951523ccd358b3e449683cb4a1844b380,artifact-r2-b2115242a60f6bb36ab72471e162a393c7d9410d4ffe14c7af1cd0bec7cc80eb
obs-pbc-4efc33385fb6d22cc66c165547fb7abb9c0e6fd92655d0d9378e494f9b3c2469,MACRO_AFRE_STOCK_BALANCE,2017-11,181.3838,万亿元,pbc-afre-stock-balance-2018-09-backcast-v1,2018-10-17T16:00:01+08:00,2,obs-pbc-8d9ea9be171755ba51c68f866f88d8790f539af5832d5e848e10d9ed49ed986b,artifact-r2-8eb82d615ee5454658cc5b1b2aaeb06580bcfd1b8f3449ce9650814d2ec663a2
obs-pbc-54e93e9027f33cb8e6466f506b2849d6ac18becb6a2c87d78cc35a0b11411b01,MACRO_AFRE_STOCK_BALANCE,2017-11,181.7115,万亿元,pbc-afre-stock-balance-2019-09-backcast-v1,2019-10-15T16:30:02+08:00,3,obs-pbc-4efc33385fb6d22cc66c165547fb7abb9c0e6fd92655d0d9378e494f9b3c2469,artifact-r2-26b9738df46d91f4744ec79fd26100a2cf42dd5230e2599ab5516192581d661e
obs-pbc-358e646bb5a204564775a2a186da4d68e3c3198832ae28172ee840baf8a9a569,MACRO_AFRE_STOCK_BALANCE,2017-12,177.3872,万亿元,pbc-afre-stock-balance-2018-07-backcast-v1,2018-08-13T19:25:12+08:00,1,obs-pbc-36635364634a71c45ae54d2737fedff056e13f8a31402bbc132f54bc314f525e,artifact-r2-74f7377d4b0ab84a2a3a678f588d2b0309d0991a4f2b3ed0c8f9261453f99f36
obs-pbc-62cdee37df815e8d9925cbccc6fd8f48655322ccfa83ac24aba38a42b9e01bcc,MACRO_AFRE_STOCK_BALANCE,2017-12,182.8692,万亿元,pbc-afre-stock-balance-2018-09-backcast-v1,2018-10-17T16:00:01+08:00,2,obs-pbc-358e646bb5a204564775a2a186da4d68e3c3198832ae28172ee840baf8a9a569,artifact-r2-7ad6bbe572b09a5ba0d2c8036935de668bad6b9f0be704751b14056f7eda96bb
obs-pbc-282989715ea2c3259e0cff2760f630f7d40ea7e5621f82abaefe4720ec9afb2b,MACRO_AFRE_STOCK_BALANCE,2017-12,183.2379,万亿元,pbc-afre-stock-balance-2019-09-backcast-v1,2019-10-15T16:30:02+08:00,3,obs-pbc-62cdee37df815e8d9925cbccc6fd8f48655322ccfa83ac24aba38a42b9e01bcc,artifact-r2-da1bc20cdd4235b644e8d2d5ff1e094c0b496853d44829a9098ff1035f2daee7
obs-pbc-f948c454222c6b4b3bdd064a15c2f66e7b21f21003534da428a68d9ab738326b,MACRO_AFRE_STOCK_BALANCE,2018-01,180.2896,万亿元,pbc-afre-stock-balance-2018-07-backcast-v1,2018-08-13T19:25:12+08:00,1,obs-pbc-0804be39e94907f6efc7b3ea4e1d6642bee0f233589acb448d21de595d6138c4,artifact-r2-0843ca71104bf6e5fad0488710d391c176d4493a8b858a847ef5f8dae8f7cdeb
obs-pbc-0e9c21a1a5d272c323d3c54cab373d5b12e57191eeb44b99888372a7699d968c,MACRO_AFRE_STOCK_BALANCE,2018-01,185.7716,万亿元,pbc-afre-stock-balance-2018-09-backcast-v1,2018-10-17T16:00:01+08:00,2,obs-pbc-f948c454222c6b4b3bdd064a15c2f66e7b21f21003534da428a68d9ab738326b,artifact-r2-adb81b9610674f092131973a02df261f53396f47d8ef44cfe2902462c686cb1b
obs-pbc-6e40db4971fe3c99e4da55c9e75497bf66607d1fd746255d24ce4524e1dd2f18,MACRO_AFRE_STOCK_BALANCE,2018-01,186.208,万亿元,pbc-afre-stock-balance-2019-09-backcast-v1,2019-10-15T16:30:02+08:00,3,obs-pbc-0e9c21a1a5d272c323d3c54cab373d5b12e57191eeb44b99888372a7699d968c,artifact-r2-1c5f243e4a58782de862bcb6a494f8ff4ae6dcbee03c1b569c2a2570ae5d1895
obs-pbc-899a4fb9e1b3b5137c47fb31d2aae86e32c47f13fdc73287b7477e931d59f139,MACRO_AFRE_STOCK_BALANCE,2018-02,181.4317,万亿元,pbc-afre-stock-balance-2018-07-backcast-v1,2018-08-13T19:25:12+08:00,1,obs-pbc-1bbf0ed3df788fbe4666fc9880a700cbe3e136315f847c170ea9e61eb4a8abfc,artifact-r2-d0d2e5326fbc6def84d0f450dee7d6e50b1a9ae4ee794fba34a8e7a551737acd
obs-pbc-6eb5c5e90064ec8c62bf003468c83360fd15faee937c5e3861789a5a92c8ad37,MACRO_AFRE_STOCK_BALANCE,2018-02,186.92440000000002,万亿元,pbc-afre-stock-balance-2018-09-backcast-v1,2018-10-17T16:00:01+08:00,2,obs-pbc-899a4fb9e1b3b5137c47fb31d2aae86e32c47f13fdc73287b7477e931d59f139,artifact-r2-e62ee7706a83f72119603a17c09228dd8345f07802af1d05be934c385b27e21b
obs-pbc-a4228199c877ff51a5f1e4e4cb55ef28d06d7f39ee920f0044d956eebced8657,MACRO_AFRE_STOCK_BALANCE,2018-02,187.3698,万亿元,pbc-afre-stock-balance-2019-09-backcast-v1,2019-10-15T16:30:02+08:00,3,obs-pbc-6eb5c5e90064ec8c62bf003468c83360fd15faee937c5e3861789a5a92c8ad37,artifact-r2-99260c5fd29d64214d2e562e5f7377463879b50b9dbac6e94e8265410f157fa1
obs-pbc-8e9d82b49bee4d21bffad12c4205fa2d259ac88e31dcb9aa6ae8bdf026f82c38,MACRO_AFRE_STOCK_BALANCE,2018-03,182.8124,万亿元,pbc-afre-stock-balance-2018-07-backcast-v1,2018-08-13T19:25:12+08:00,1,obs-pbc-c226c9c01c77fff6b8e8a03aefb1bcf4f1fba2105817abf3fdde5c980d5c4cd1,artifact-r2-2acb170d6ebd3eebf04b35728ebd60bfc7ea91446f6c7b90a47f0151b36cd995
obs-pbc-cfe6caadf1410b6bfd6129f2d8c11b5994be8fc73ce47684b2ca203b29ff138d,MACRO_AFRE_STOCK_BALANCE,2018-03,188.37130000000002,万亿元,pbc-afre-stock-balance-2018-09-backcast-v1,2018-10-17T16:00:01+08:00,2,obs-pbc-8e9d82b49bee4d21bffad12c4205fa2d259ac88e31dcb9aa6ae8bdf026f82c38,artifact-r2-10f36387e82aff779917f5f8dd346b5a10ad4c55ed0050d92ccf179196dce23c
obs-pbc-59671c6fa7a9ce7d51512e4d326a2bd7146ef3a07bfe4c1bbce79a11629e9386,MACRO_AFRE_STOCK_BALANCE,2018-03,188.82420000000002,万亿元,pbc-afre-stock-balance-2019-09-backcast-v1,2019-10-15T16:30:02+08:00,3,obs-pbc-cfe6caadf1410b6bfd6129f2d8c11b5994be8fc73ce47684b2ca203b29ff138d,artifact-r2-a9e759327d747e62b8e5a97d458b455cb7da20c5451198c850c8fc051c649090
obs-pbc-88d9a4c0ba4ff1b65234416e14cc4640ffaf72857bf3d66892eb4a6ac626c0aa,MACRO_AFRE_STOCK_BALANCE,2018-04,184.3822,万亿元,pbc-afre-stock-balance-2018-07-backcast-v1,2018-08-13T19:25:12+08:00,1,obs-pbc-94c6cb066152a45ee21d1ba764f4ead3669bb97fe533b3c26fa72246ae8783c8,artifact-r2-1cb93debfc03d42080515568e6a24cc7d4dc8441ae0e1f870ac96737c8fbc0b8
obs-pbc-456beccd7051599e7ea9de9b9b5829f845d615984c8d753fc4e396649ab20efd,MACRO_AFRE_STOCK_BALANCE,2018-04,190.02190000000002,万亿元,pbc-afre-stock-balance-2018-09-backcast-v1,2018-10-17T16:00:01+08:00,2,obs-pbc-88d9a4c0ba4ff1b65234416e14cc4640ffaf72857bf3d66892eb4a6ac626c0aa,artifact-r2-160b33fb2f70a2523e3c71985fad31d75f4602b31c9f6e7f424981714859b29d
obs-pbc-c776b969e96423c382c3ce94f67f718c2733a4948be8d9b3796288a67cc1f983,MACRO_AFRE_STOCK_BALANCE,2018-04,190.4743,万亿元,pbc-afre-stock-balance-2019-09-backcast-v1,2019-10-15T16:30:02+08:00,3,obs-pbc-456beccd7051599e7ea9de9b9b5829f845d615984c8d753fc4e396649ab20efd,artifact-r2-0a99bf6346de3d205c569a6b435c5093323fb98b1228263a07084c2960873bb5
obs-pbc-d7d1c7d2c378a885199abc6a0589cbed94c1a53c9b1457e1066257c94514cfe9,MACRO_AFRE_STOCK_BALANCE,2018-05,185.2006,万亿元,pbc-afre-stock-balance-2018-07-backcast-v1,2018-08-13T19:25:12+08:00,1,obs-pbc-773645c45ecb3c5e26fc7666711e80f8a02e97ab195ae130636e5ddef2b67256,artifact-r2-02e8713bfd36392c8cf44d448216ef68d8e968660329e856ce1d392ddb9e0161
obs-pbc-88678ccf5995a09872bea942fe4df35b91194e92ed7f2f412fc1f6cb9ec038a3,MACRO_AFRE_STOCK_BALANCE,2018-05,190.94140000000002,万亿元,pbc-afre-stock-balance-2018-09-backcast-v1,2018-10-17T16:00:01+08:00,2,obs-pbc-d7d1c7d2c378a885199abc6a0589cbed94c1a53c9b1457e1066257c94514cfe9,artifact-r2-a6fa8d360ed8eac5aa8387754b16f9a652203df043a8a4d1525c19755f57ac7d
obs-pbc-67f24c53f676b2d6f75620d57205f56321c865f7c13f90b2a25c2df89ab52d9e,MACRO_AFRE_STOCK_BALANCE,2018-05,191.39690000000002,万亿元,pbc-afre-stock-balance-2019-09-backcast-v1,2019-10-15T16:30:02+08:00,3,obs-pbc-88678ccf5995a09872bea942fe4df35b91194e92ed7f2f412fc1f6cb9ec038a3,artifact-r2-801ad42f8dde49500ef772778331c09454d0d23c4b7de643339bc96cc8501ef3
obs-pbc-446b812a6df4b4c6848108c9b8b27478ef9c9b00d25e4ab3226d7dcbb8d4617a,MACRO_AFRE_STOCK_BALANCE,2018-06,186.53490000000002,万亿元,pbc-afre-stock-balance-2018-07-backcast-v1,2018-08-13T19:25:12+08:00,1,obs-pbc-79a0f5c50a9baa29629e9a8f3b8403ee6f176142c7c2150c09ad5dac063a7d81,artifact-r2-9d4c88a78053180952e9571e2df685d354852a0a699d6af1808c535a397d06da
obs-pbc-d717d5d463ac5a81487a11a9bf7e1a84e9ca0cfe3ea61a629aa9efe1d862a0e6,MACRO_AFRE_STOCK_BALANCE,2018-06,192.3668,万亿元,pbc-afre-stock-balance-2018-09-backcast-v1,2018-10-17T16:00:01+08:00,2,obs-pbc-446b812a6df4b4c6848108c9b8b27478ef9c9b00d25e4ab3226d7dcbb8d4617a,artifact-r2-0b0077c50b863c1887e84f793fca21e4fa29e00d6bedf51aa28d17bb53ff6232
obs-pbc-57b004790034b1461703196fcd5c173351bdd91324b7c8bc6975abd5a935ff3b,MACRO_AFRE_STOCK_BALANCE,2018-06,192.81810000000002,万亿元,pbc-afre-stock-balance-2019-09-backcast-v1,2019-10-15T16:30:02+08:00,3,obs-pbc-d717d5d463ac5a81487a11a9bf7e1a84e9ca0cfe3ea61a629aa9efe1d862a0e6,artifact-r2-e53da09115ff41334dec261e0894a94012ee08169476dc58bc993907cb681c82
obs-pbc-86379882164a35dbb2f1d38c6df8196a369e7e593cc4903cead0da42e35175af,MACRO_AFRE_STOCK_BALANCE,2018-07,193.46040000000002,万亿元,pbc-afre-stock-balance-2018-09-backcast-v1,2018-10-17T16:00:01+08:00,1,obs-pbc-1dae47a9c41a3f714037b09674f26e20f130bca162306d3eb8757c074f6f25b6,artifact-r2-c40b4eba8b37b220678dc12df3135b3d502032f89077bf19b268cc3ee379974e
obs-pbc-ea4fff33ee6665da7a759b095126df96e4dba77eaad622ef14b8a33b6751c9e7,MACRO_AFRE_STOCK_BALANCE,2018-07,193.9111,万亿元,pbc-afre-stock-balance-2019-09-backcast-v1,2019-10-15T16:30:02+08:00,2,obs-pbc-86379882164a35dbb2f1d38c6df8196a369e7e593cc4903cead0da42e35175af,artifact-r2-d9ad1e4fe587ae8a7ce4c1dd8715a686963a29c57983f001e122a0b1ccf4eafa
obs-pbc-ab877ce9fc334286f1bed10f2070f5b26f5eb900b48fd928358c718e41a73acd,MACRO_AFRE_STOCK_BALANCE,2018-08,195.24110000000002,万亿元,pbc-afre-stock-balance-2018-09-backcast-v1,2018-10-17T16:00:01+08:00,1,obs-pbc-27d644665e87682fccf20f7e5161ddd402904fef5253cb42db4bc28ce8bdf871,artifact-r2-02251dbe9303687ca9ee0753ab8909ed629316745124d2de1b764b833f665e34
obs-pbc-a519e37f15a274e87ad74837b078fdf9a6d7977b6cc72e20078314b6ff8c7e7c,MACRO_AFRE_STOCK_BALANCE,2018-08,195.7057,万亿元,pbc-afre-stock-balance-2019-09-backcast-v1,2019-10-15T16:30:02+08:00,2,obs-pbc-ab877ce9fc334286f1bed10f2070f5b26f5eb900b48fd928358c718e41a73acd,artifact-r2-f376cf119a8c2c5e62226cdced0e54fcbc5c4105cc114b4d0e8787f8de1dbb0a
obs-pbc-183f5585e9ad2fafc7e0617e1615f7961382147989c1bf314c263030873e4c3c,MACRO_AFRE_STOCK_BALANCE,2018-09,197.6969,万亿元,pbc-afre-stock-balance-2019-09-backcast-v1,2019-10-15T16:30:02+08:00,1,obs-pbc-a33f2324741db2096111bc9a6d81e934af069b8be2ade8bdd0a75856a9d2a798,artifact-r2-b0f06ef9e9123ac49fb7938cd1c12e683a254b870a2d47f266cc0dd38f746fba
obs-pbc-f526757a2891a789550af4f73a34c5948d97e2c18b763a2495f63b8184672a42,MACRO_AFRE_STOCK_BALANCE,2018-10,198.3246,万亿元,pbc-afre-stock-balance-2019-09-backcast-v1,2019-10-15T16:30:02+08:00,1,obs-pbc-a71d06b0bc3c4ca199b4156dbe2c21f8a203c4949b0e20bf8ead7932a02f7e08,artifact-r2-88cb2a71f2c2416e4502d72db1e76c4c52b4e45768a61a808c4a7b3447f50a31
obs-pbc-60c3f8e227c34839e41a1edf7bc9f01c66de91aaa7beb2f174b7d09c7ecd1e2e,MACRO_AFRE_STOCK_BALANCE,2018-11,199.80800000000002,万亿元,pbc-afre-stock-balance-2019-09-backcast-v1,2019-10-15T16:30:02+08:00,1,obs-pbc-b4a2dfed1e3f1d5f6e8d806c437508f6661f1c3ae69c32cb80aecd325c2ca2ce,artifact-r2-b21bd83858d3ffa4526543714bc2899d6aaaf456b53cbc458b3672d3b07ae22f
obs-pbc-5e4e31feab3ecf93604da33bf313e59cad631f359a28514de922ae7def98c6d3,MACRO_AFRE_STOCK_BALANCE,2018-12,201.2958,万亿元,pbc-afre-stock-balance-2019-09-backcast-v1,2019-10-15T16:30:02+08:00,1,obs-pbc-a75409d106cf08acff153b9c199ea9d8a240b0503d0dcb4168b0e8cc22720d7a,artifact-r2-48dd94eb2eca304b33989ccaf5c68b0557722bb240082ff5017745f5ddf814bd
obs-pbc-2eae8af9a163f10e0791162924f427007a1406bf79436ffcce00652243e8e676,MACRO_AFRE_STOCK_BALANCE,2019-01,205.7466,万亿元,pbc-afre-stock-balance-2019-09-backcast-v1,2019-10-15T16:30:02+08:00,1,obs-pbc-642aca245c6270aa7ec33775d30680c75ef19d30b4d8020415a13a0856ef55d7,artifact-r2-679564f6fe567fe149336b44b3711fabb36ec3f424cc41398657cf705a121909
obs-pbc-b5629c8f321b849b0226878cf87370cedbebe34d671f880f1edcb114873ecaab,MACRO_AFRE_STOCK_BALANCE,2019-02,206.35160000000002,万亿元,pbc-afre-stock-balance-2019-09-backcast-v1,2019-10-15T16:30:02+08:00,1,obs-pbc-07a8c7d8ade6318f2af427738a025c12cfc7a0bdff5ba0fb95d63cd0b816a25a,artifact-r2-4f6526bcc61667e6c87f49d3e5195a53f1ce0cf8811f55aaf0091281017bd9bf
obs-pbc-f2378a5a4250ef98461476787862f433d58024200071c9f1acea0b78299531f9,MACRO_AFRE_STOCK_BALANCE,2019-03,209.0934,万亿元,pbc-afre-stock-balance-2019-09-backcast-v1,2019-10-15T16:30:02+08:00,1,obs-pbc-5348d57609e0388ff387151ae934e65ce089f08d47f5ef99b77054dfa3acced4,artifact-r2-33f1be8b89def4dc23d733b20a720adc112e527790ba5389e656d0b09c577f7c
obs-pbc-f1e8a011a9d689b867d56d86f2f6062bae034ed6b8939e76e4c91749d3662854,MACRO_AFRE_STOCK_BALANCE,2019-04,210.3898,万亿元,pbc-afre-stock-balance-2019-09-backcast-v1,2019-10-15T16:30:02+08:00,1,obs-pbc-c788f3bfc33f4085cc7cbe45f7838f49fa9e4dad9091260fb2ed56e284499704,artifact-r2-e68d91daca90452302c2af3b2fa2e54d0803d6dd9c5b898ac6816637e2fddbdc
obs-pbc-31bf008547953619953ba082e123ad5b57330bbdcf1dc20b700bac7bb4cbef89,MACRO_AFRE_STOCK_BALANCE,2019-05,211.81320000000002,万亿元,pbc-afre-stock-balance-2019-09-backcast-v1,2019-10-15T16:30:02+08:00,1,obs-pbc-25f506e1a2ec37500fbc0cbcc1cb276edb735ac3c824a246aa25d43be3755a03,artifact-r2-c7777e312817d480c5bdbd7bcca364cab5d5a291ba7754f2c23fdb87a141f119
obs-pbc-77ecc2439308c2f239315e008dbcc1aacab232f6868b6143b54b698fa0391ea0,MACRO_AFRE_STOCK_BALANCE,2019-06,214.0335,万亿元,pbc-afre-stock-balance-2019-09-backcast-v1,2019-10-15T16:30:02+08:00,1,obs-pbc-6be4560bb3e01f52e1100942e4df4ce6d9403cbce3d05350f3356fd0059dd33f,artifact-r2-a8aceaa0b10bc0ed42bd315baada7109fd9708d5b998cec2bfafa0c1591662a2
obs-pbc-52bc8a5e6fef0b644413e8b80bd8867b820345b43bdefcd18585cc430aec468a,MACRO_AFRE_STOCK_BALANCE,2019-07,214.97490000000002,万亿元,pbc-afre-stock-balance-2019-09-backcast-v1,2019-10-15T16:30:02+08:00,1,obs-pbc-9ff93ebc45ca1c4cb1f8a0fbb4274ae8a8b2163f9fb85f4f717861fbfe6a5f27,artifact-r2-d465083368e4ee25b49235e48984d01ee07bbfd95f2cb9ddfba06d300d73b6be
obs-pbc-4fbd20b4f5fe4fc65ab3f1c44ccd5165a7eecdfc241204c9400e267c6e80686d,MACRO_AFRE_STOCK_BALANCE,2019-08,216.9027,万亿元,pbc-afre-stock-balance-2019-09-backcast-v1,2019-10-15T16:30:02+08:00,1,obs-pbc-5cec5f5c7b24c011d16f970d0f66504b5e6a91ae45adb30498d436f2028a59bf,artifact-r2-2e7165954569025bff3bf8fa873c335f333beda1a1b2539d7768acceb18f418e
obs-pbc-50bfb530d6d94bdfe9d1a6adcfc6f67a04a54136259b50c90815b58a7a033685,MACRO_AFRE_STOCK_YOY,2017-01,13.2,%,pbc-afre-stock-yoy-2018-07-backcast-v1,2018-08-13T19:25:12+08:00,1,obs-pbc-fdc60001538508b5ecc84fe341d19e12efbaf1418190bbfb134ec6284362c30f,artifact-r2-5891fa8c3962a9b279a39b52b15333394c6a4948b4a347f934beba7685dae60d
obs-pbc-6ddafb88dbb34e53b504864df10387eb37f95930da12b3a2121392139e9fd0f2,MACRO_AFRE_STOCK_YOY,2017-01,14.8,%,pbc-afre-stock-yoy-2018-09-backcast-v1,2018-10-17T16:00:01+08:00,2,obs-pbc-50bfb530d6d94bdfe9d1a6adcfc6f67a04a54136259b50c90815b58a7a033685,artifact-r2-8ea1cee4cc4eb710ec4d4c1d42641971390e7de3231266b5b73825259230e2d5
obs-pbc-330d1c090f7c22cdb82d4707ea0038e2fefde039628d2dd35dba5fb93a675b99,MACRO_AFRE_STOCK_YOY,2017-01,14.9,%,pbc-afre-stock-yoy-2019-09-backcast-v1,2019-10-15T16:30:02+08:00,3,obs-pbc-6ddafb88dbb34e53b504864df10387eb37f95930da12b3a2121392139e9fd0f2,artifact-r2-8276b3e14aa1c318d758f9ba4444b0211f2c2c6919e0c11af2b7273e599cecee
obs-pbc-0930bec16ca1f86057bc2feb18bcde0258447950b04b6e92aa382752925c580c,MACRO_AFRE_STOCK_YOY,2017-03,12.9,%,pbc-afre-stock-yoy-2018-07-backcast-v1,2018-08-13T19:25:12+08:00,1,obs-pbc-c9d1d8b26773c2df2d3b8c47f4bb0cd3e16dab192025eb448faaa7432df9db19,artifact-r2-138dc42c9d63ab9756c8c407e2ab2da41efb49cd7e9158788e9891a99b4d903c
obs-pbc-65a784d84500c32b676893a011e24840b442db62090bce7da31134f031567dbd,MACRO_AFRE_STOCK_YOY,2017-03,14.4,%,pbc-afre-stock-yoy-2018-09-backcast-v1,2018-10-17T16:00:01+08:00,2,obs-pbc-0930bec16ca1f86057bc2feb18bcde0258447950b04b6e92aa382752925c580c,artifact-r2-67832b06ba1e6239658b27cfb3c3744a601b53dd16cd6c710d6ff91059cf333d
obs-pbc-fea5596fb2001875c6bc9283424c3eb213ead812acb011b1f6e36fb555b2be29,MACRO_AFRE_STOCK_YOY,2017-03,14.5,%,pbc-afre-stock-yoy-2019-09-backcast-v1,2019-10-15T16:30:02+08:00,3,obs-pbc-65a784d84500c32b676893a011e24840b442db62090bce7da31134f031567dbd,artifact-r2-57ce7c19b1a9b5c62e7f591c660d448bad5effb849ec11e89496079aa274fad7
obs-pbc-590ad3b3f0881c7120f3928bd75340e142c00b52610cebbbc938639332930beb,MACRO_AFRE_STOCK_YOY,2017-04,13.2,%,pbc-afre-stock-yoy-2018-07-backcast-v1,2018-08-13T19:25:12+08:00,1,obs-pbc-57b111ce315789b04ed4c1a3a2c6820b1408f39a3783926c093125cf911ef658,artifact-r2-64c925ddad2c6d1d041361b6d8a5f19ea324dbd67811fa9420cb98091a60a174
obs-pbc-2ef568fbeed7199cf479ca59f688b2b4db326cc9618ecaa9c7140a99f9c716b0,MACRO_AFRE_STOCK_YOY,2017-04,14.5,%,pbc-afre-stock-yoy-2018-09-backcast-v1,2018-10-17T16:00:01+08:00,2,obs-pbc-590ad3b3f0881c7120f3928bd75340e142c00b52610cebbbc938639332930beb,artifact-r2-8cb86484342e328e1d0b0773678e40611bd67870d8e1d92a7f1d07f6b65d5d7e
obs-pbc-6cb8f5074733ca2aeaf12c3428d08dd8efa9d072237709b53c95be0ea045567a,MACRO_AFRE_STOCK_YOY,2017-04,14.6,%,pbc-afre-stock-yoy-2019-09-backcast-v1,2019-10-15T16:30:02+08:00,3,obs-pbc-2ef568fbeed7199cf479ca59f688b2b4db326cc9618ecaa9c7140a99f9c716b0,artifact-r2-7617e699cad242ecab97b6c4ad3793a109ce35eefbd41ca913ec51e75522b6e9
obs-pbc-96f3b8912fbe2d6532b2f6f483a76340e0c71c69575e91934df9e6baff6ecca9,MACRO_AFRE_STOCK_YOY,2017-05,13.3,%,pbc-afre-stock-yoy-2018-07-backcast-v1,2018-08-13T19:25:12+08:00,1,obs-pbc-0320c08af975e2a220c317bdca1dc17ad3b75806ace4ea037355650adc552adc,artifact-r2-cd7c17378a02eb5314a3f77bc24b585350cbd90d2d86bb2f45b26aee2d532f74
obs-pbc-04501f532d91bc3f0adcad04417adb1495335949197c250f94598c61e9851a5d,MACRO_AFRE_STOCK_YOY,2017-05,14.6,%,pbc-afre-stock-yoy-2018-09-backcast-v1,2018-10-17T16:00:01+08:00,2,obs-pbc-96f3b8912fbe2d6532b2f6f483a76340e0c71c69575e91934df9e6baff6ecca9,artifact-r2-672733437072e184154857cc193ab81a5bbc710342aacf757d0d24ffa34f35a9
obs-pbc-2dd460e315e2d75ec49af45317e1a75a184fe3bf5b952a3103efc3622452fdd3,MACRO_AFRE_STOCK_YOY,2017-05,14.7,%,pbc-afre-stock-yoy-2019-09-backcast-v1,2019-10-15T16:30:02+08:00,3,obs-pbc-04501f532d91bc3f0adcad04417adb1495335949197c250f94598c61e9851a5d,artifact-r2-dba43caf2d777f45593de99eeae84bea9d53b5c7efa64e58e025e6257c3e00fb
obs-pbc-70afc9f432f640946cec792c9f370e7f27e352c87845c5833bc8e786efca97ac,MACRO_AFRE_STOCK_YOY,2017-06,13.2,%,pbc-afre-stock-yoy-2018-07-backcast-v1,2018-08-13T19:25:12+08:00,1,obs-pbc-85981eb5d0c11af8b1ec4809647e5c9c85063dbdfc2a21627a511ecd07a1c0cd,artifact-r2-29de04092dde8602fff216c90e32d4522da3fcded805c8233d6548c65fe8a1c6
obs-pbc-72639d6f7e82d56a876bf3ba180a0bdc7581932b9feeea2492fd96dd3fb2f04d,MACRO_AFRE_STOCK_YOY,2017-06,14.2,%,pbc-afre-stock-yoy-2018-09-backcast-v1,2018-10-17T16:00:01+08:00,2,obs-pbc-70afc9f432f640946cec792c9f370e7f27e352c87845c5833bc8e786efca97ac,artifact-r2-5b8539fa666a54d0da24dd65fcba31decd5fa002fa5e759630cf962548d3179d
obs-pbc-b4e47dca46cfa1d9a0d0f797563c3b7a208b9dffc2a9b2538503bfb91e583330,MACRO_AFRE_STOCK_YOY,2017-06,14.3,%,pbc-afre-stock-yoy-2019-09-backcast-v1,2019-10-15T16:30:02+08:00,3,obs-pbc-72639d6f7e82d56a876bf3ba180a0bdc7581932b9feeea2492fd96dd3fb2f04d,artifact-r2-261ff543fd5fadd955d6ed52f38d652a31d8d71fe2abda4f51b6b8e2a89c4a2e
obs-pbc-c6ca30cd99d1ad77dedec11e95dcab6d00417217085ce43c1f8cb90df3bcf25e,MACRO_AFRE_STOCK_YOY,2017-07,13.6,%,pbc-afre-stock-yoy-2018-07-backcast-v1,2018-08-13T19:25:12+08:00,1,obs-pbc-abac7d7cc3f9da92887a5a9fdfafa7d02215c9ebaf740af1f0eda594588f1884,artifact-r2-5679c9354d020cd6c34a29c416f8c08cd657f2b1514115389d7a93f57b27105a
obs-pbc-a11489f31e05680ffe9d26efbbc6c317a76d70698d4f36b5a311f4e77b72b76b,MACRO_AFRE_STOCK_YOY,2017-07,14.8,%,pbc-afre-stock-yoy-2018-09-backcast-v1,2018-10-17T16:00:01+08:00,2,obs-pbc-c6ca30cd99d1ad77dedec11e95dcab6d00417217085ce43c1f8cb90df3bcf25e,artifact-r2-a2ba3f87035d394a95dd0240729e3727bc4ad6c7b16e86591a0ddd469f2ac797
obs-pbc-2c6dbad5d6b59c6cc564d198e013460c986b2e38adcef5ce1e45cefa8e9e1c1d,MACRO_AFRE_STOCK_YOY,2017-07,14.8,%,pbc-afre-stock-yoy-2019-09-backcast-v1,2019-10-15T16:30:02+08:00,3,obs-pbc-a11489f31e05680ffe9d26efbbc6c317a76d70698d4f36b5a311f4e77b72b76b,artifact-r2-69b92dcb8186aa8620910fd90256d35ddc5ce577679974569e99e078d103a55b
obs-pbc-2f48290639b29cd7283ba0062c1b3725edc0648ea368edb01fcca42c192054a0,MACRO_AFRE_STOCK_YOY,2017-08,13.5,%,pbc-afre-stock-yoy-2018-07-backcast-v1,2018-08-13T19:25:12+08:00,1,obs-pbc-62e22659d77005db4f78e7d3a5707430bdba7daf37bc264babe88879eb3c2c56,artifact-r2-72ba6f85adfe1a6be30349ffe0f548ed9f3d7c92b1560cd15cd5cb7ccfefc930
obs-pbc-33d8834fae69cc5dff1ef957997b28e533758e09e6290cdd5a52acf998dee882,MACRO_AFRE_STOCK_YOY,2017-08,14.5,%,pbc-afre-stock-yoy-2018-09-backcast-v1,2018-10-17T16:00:01+08:00,2,obs-pbc-2f48290639b29cd7283ba0062c1b3725edc0648ea368edb01fcca42c192054a0,artifact-r2-0714a7a5af593da2d22d205ce7210f611121cc2c989d8432f02b8ed6592b8012
obs-pbc-9f900505513aa1297c529a18ce95727df3e77311d1adfb8b7725e40d9c0d84c4,MACRO_AFRE_STOCK_YOY,2017-08,14.6,%,pbc-afre-stock-yoy-2019-09-backcast-v1,2019-10-15T16:30:02+08:00,3,obs-pbc-33d8834fae69cc5dff1ef957997b28e533758e09e6290cdd5a52acf998dee882,artifact-r2-efbcaab58b44ee42ad75efcc3166b8fc4eedf1e9189e3f6716fd3279ffc31cad
obs-pbc-bda251be9b8bad4285ccd707633ec027363de94b67ae5e662e50ad5419fba8f2,MACRO_AFRE_STOCK_YOY,2017-09,13.4,%,pbc-afre-stock-yoy-2018-07-backcast-v1,2018-08-13T19:25:12+08:00,1,obs-pbc-662901cb7ed7f2251fc5c95229ec3f73e15bbb07c414441db589a129bacc5b2f,artifact-r2-8767b9e72f7a5928deb29d4e2f241e5d939ea6d0ea8b85a488b627ba27bee518
obs-pbc-b02711d0821224b471128fc8d24d1694b4e0d206fba371249da1162e2e5447f0,MACRO_AFRE_STOCK_YOY,2017-09,14.4,%,pbc-afre-stock-yoy-2018-09-backcast-v1,2018-10-17T16:00:01+08:00,2,obs-pbc-bda251be9b8bad4285ccd707633ec027363de94b67ae5e662e50ad5419fba8f2,artifact-r2-d85cc93a2f380e7507f54f76bbe650afa2b69349af952b36315ceaddf5df77b6
obs-pbc-5721fe393e2fa7ddfa7a574906cabde51350578af828f2b5938bd3411f2bbfb0,MACRO_AFRE_STOCK_YOY,2017-09,14.5,%,pbc-afre-stock-yoy-2019-09-backcast-v1,2019-10-15T16:30:02+08:00,3,obs-pbc-b02711d0821224b471128fc8d24d1694b4e0d206fba371249da1162e2e5447f0,artifact-r2-b5c7a717a897f6684ae8857e125c10cdaad8dde5f13ce6b1cb099a36a01984c7
obs-pbc-e09b9f09100f049f39f0285d52ce7ff3034331b3a6d4bb014bf0194dad47991a,MACRO_AFRE_STOCK_YOY,2017-10,13.4,%,pbc-afre-stock-yoy-2018-07-backcast-v1,2018-08-13T19:25:12+08:00,1,obs-pbc-db10dd048b449a486d7fa3c9fa662ae495917467a67aca9d40c9c6bb1f051d64,artifact-r2-566e0ce0248f5586208da79eae2e485279c77648bac5e4b8fb984f7687467cc0
obs-pbc-199f06bfcf40a65a3e450a91ba4019b4cf3612d8d4729a08fb3a493ab9c4ca01,MACRO_AFRE_STOCK_YOY,2017-10,14.4,%,pbc-afre-stock-yoy-2018-09-backcast-v1,2018-10-17T16:00:01+08:00,2,obs-pbc-e09b9f09100f049f39f0285d52ce7ff3034331b3a6d4bb014bf0194dad47991a,artifact-r2-4b6af009f602741e3d83e2c0b87818a5623036c6cd982da1bd9c27e821446527
obs-pbc-967e8363d30749e172aa79334a1d791fe885d6adc1ca6eebb3c336aa6b1c5bd8,MACRO_AFRE_STOCK_YOY,2017-10,14.4,%,pbc-afre-stock-yoy-2019-09-backcast-v1,2019-10-15T16:30:02+08:00,3,obs-pbc-199f06bfcf40a65a3e450a91ba4019b4cf3612d8d4729a08fb3a493ab9c4ca01,artifact-r2-ac74c0619f5a190fc34709bf688c5e442cb8d22500c841ad36fb3f7509a35f00
obs-pbc-b8858a86df6ce661c253a3b18da1a16ac8371a70878dea1c301b2037b07a9674,MACRO_AFRE_STOCK_YOY,2017-11,13.0,%,pbc-afre-stock-yoy-2018-07-backcast-v1,2018-08-13T19:25:12+08:00,1,obs-pbc-a828bb481edab397173733d2cc6abd1ffc214fdbfbd9cac4ac9df6f7f60002e4,artifact-r2-b2115242a60f6bb36ab72471e162a393c7d9410d4ffe14c7af1cd0bec7cc80eb
obs-pbc-83c15f972937a871d888435b776577bad78ad7053c56180a53d5241d28e6b5a4,MACRO_AFRE_STOCK_YOY,2017-11,13.9,%,pbc-afre-stock-yoy-2018-09-backcast-v1,2018-10-17T16:00:01+08:00,2,obs-pbc-b8858a86df6ce661c253a3b18da1a16ac8371a70878dea1c301b2037b07a9674,artifact-r2-8eb82d615ee5454658cc5b1b2aaeb06580bcfd1b8f3449ce9650814d2ec663a2
obs-pbc-a118c5099cd2f3705e4f613ec6ccef17d7c63a529b93504fdedae557160d5101,MACRO_AFRE_STOCK_YOY,2017-11,14.0,%,pbc-afre-stock-yoy-2019-09-backcast-v1,2019-10-15T16:30:02+08:00,3,obs-pbc-83c15f972937a871d888435b776577bad78ad7053c56180a53d5241d28e6b5a4,artifact-r2-26b9738df46d91f4744ec79fd26100a2cf42dd5230e2599ab5516192581d661e
obs-pbc-beb17fe4be70fbb423b5422a93cb52c17a943b2d6791dee7a94c60fcad1e0023,MACRO_AFRE_STOCK_YOY,2017-12,12.5,%,pbc-afre-stock-yoy-2018-07-backcast-v1,2018-08-13T19:25:12+08:00,1,obs-pbc-096f471bedb66aaa86664a901bf12f3f56ed7bd9031862e0cffabfa81518b6c8,artifact-r2-74f7377d4b0ab84a2a3a678f588d2b0309d0991a4f2b3ed0c8f9261453f99f36
obs-pbc-1a53bfc9f40524be2e511c40220e36b75b3844df562be815b3d2ef07789e5d47,MACRO_AFRE_STOCK_YOY,2017-12,13.4,%,pbc-afre-stock-yoy-2018-09-backcast-v1,2018-10-17T16:00:01+08:00,2,obs-pbc-beb17fe4be70fbb423b5422a93cb52c17a943b2d6791dee7a94c60fcad1e0023,artifact-r2-7ad6bbe572b09a5ba0d2c8036935de668bad6b9f0be704751b14056f7eda96bb
obs-pbc-3fbe2d2c70008852673c64562d53bf602852a98be26be5322c11d20006eb22ec,MACRO_AFRE_STOCK_YOY,2017-12,13.5,%,pbc-afre-stock-yoy-2019-09-backcast-v1,2019-10-15T16:30:02+08:00,3,obs-pbc-1a53bfc9f40524be2e511c40220e36b75b3844df562be815b3d2ef07789e5d47,artifact-r2-da1bc20cdd4235b644e8d2d5ff1e094c0b496853d44829a9098ff1035f2daee7
obs-pbc-7f74be5b41f22414dce39f43b30479133d87503fe7ffb187b856ba461d89f1d7,MACRO_AFRE_STOCK_YOY,2018-01,11.7,%,pbc-afre-stock-yoy-2018-07-backcast-v1,2018-08-13T19:25:12+08:00,1,obs-pbc-0b60a1dd12f958e0081d839f812a4ed264c0b32d926f34fe354b36220fd3f987,artifact-r2-0843ca71104bf6e5fad0488710d391c176d4493a8b858a847ef5f8dae8f7cdeb
obs-pbc-1a99b211df82c7da5d0a334274b100d423ed9bb8f02ee669084a05f7512843ef,MACRO_AFRE_STOCK_YOY,2018-01,12.7,%,pbc-afre-stock-yoy-2018-09-backcast-v1,2018-10-17T16:00:01+08:00,2,obs-pbc-7f74be5b41f22414dce39f43b30479133d87503fe7ffb187b856ba461d89f1d7,artifact-r2-adb81b9610674f092131973a02df261f53396f47d8ef44cfe2902462c686cb1b
obs-pbc-eeb938a3da420c363de4c0865b7d917d5a01b1dc5f1431019bb1d81f21459701,MACRO_AFRE_STOCK_YOY,2018-01,12.9,%,pbc-afre-stock-yoy-2019-09-backcast-v1,2019-10-15T16:30:02+08:00,3,obs-pbc-1a99b211df82c7da5d0a334274b100d423ed9bb8f02ee669084a05f7512843ef,artifact-r2-1c5f243e4a58782de862bcb6a494f8ff4ae6dcbee03c1b569c2a2570ae5d1895
obs-pbc-c191c90330a13ca8a060e44e1ede84a557f6979fc0e5f4c9b87b3c5c1b059138,MACRO_AFRE_STOCK_YOY,2018-02,11.7,%,pbc-afre-stock-yoy-2018-07-backcast-v1,2018-08-13T19:25:12+08:00,1,obs-pbc-62b2319afb531313d9ecdbbe1469dea54c881696cd59504d1dde4e8b2c14cc47,artifact-r2-d0d2e5326fbc6def84d0f450dee7d6e50b1a9ae4ee794fba34a8e7a551737acd
obs-pbc-dab08aab5908d3b258726871b0d3ee9c2ab8ab16dd6f9e3b04663da4710cc6b1,MACRO_AFRE_STOCK_YOY,2018-02,12.7,%,pbc-afre-stock-yoy-2018-09-backcast-v1,2018-10-17T16:00:01+08:00,2,obs-pbc-c191c90330a13ca8a060e44e1ede84a557f6979fc0e5f4c9b87b3c5c1b059138,artifact-r2-e62ee7706a83f72119603a17c09228dd8345f07802af1d05be934c385b27e21b
obs-pbc-ad5ac08c0ba93a5854a54d580bb10893223e5ab0475c0e8ab2ca710ca1d4c334,MACRO_AFRE_STOCK_YOY,2018-02,12.8,%,pbc-afre-stock-yoy-2019-09-backcast-v1,2019-10-15T16:30:02+08:00,3,obs-pbc-dab08aab5908d3b258726871b0d3ee9c2ab8ab16dd6f9e3b04663da4710cc6b1,artifact-r2-99260c5fd29d64214d2e562e5f7377463879b50b9dbac6e94e8265410f157fa1
obs-pbc-b02f80d41921816cd21071f93467de3ea362f635f761305e23e568b3fba02864,MACRO_AFRE_STOCK_YOY,2018-03,11.0,%,pbc-afre-stock-yoy-2018-07-backcast-v1,2018-08-13T19:25:12+08:00,1,obs-pbc-f2747d0a0ec1513cc8de02bf41e471dea80eebeb47615129eb69699a772e68df,artifact-r2-2acb170d6ebd3eebf04b35728ebd60bfc7ea91446f6c7b90a47f0151b36cd995
obs-pbc-937e911c64c073017df619ecdca2d4af1a1ba69fe342f305ac8f6fee808a8948,MACRO_AFRE_STOCK_YOY,2018-03,11.9,%,pbc-afre-stock-yoy-2018-09-backcast-v1,2018-10-17T16:00:01+08:00,2,obs-pbc-b02f80d41921816cd21071f93467de3ea362f635f761305e23e568b3fba02864,artifact-r2-10f36387e82aff779917f5f8dd346b5a10ad4c55ed0050d92ccf179196dce23c
obs-pbc-2f48f39c0d339544564b6468c7a808a843ceba8e792cff2947d2f51386d520de,MACRO_AFRE_STOCK_YOY,2018-03,12.1,%,pbc-afre-stock-yoy-2019-09-backcast-v1,2019-10-15T16:30:02+08:00,3,obs-pbc-937e911c64c073017df619ecdca2d4af1a1ba69fe342f305ac8f6fee808a8948,artifact-r2-a9e759327d747e62b8e5a97d458b455cb7da20c5451198c850c8fc051c649090
obs-pbc-12167fd3a5d9dc23d2ef29e73469f8ef4efaf56432d2ebd6728b0befa6706954,MACRO_AFRE_STOCK_YOY,2018-04,11.1,%,pbc-afre-stock-yoy-2018-07-backcast-v1,2018-08-13T19:25:12+08:00,1,obs-pbc-86f845b126fd91dd34d0e907f9754e52d457ccb8d5720cf006ab71ecce8892d4,artifact-r2-1cb93debfc03d42080515568e6a24cc7d4dc8441ae0e1f870ac96737c8fbc0b8
obs-pbc-462afedd04cb28df5bf07193a8359b0e944863c8d368228700ee6d7e012651e2,MACRO_AFRE_STOCK_YOY,2018-04,11.9,%,pbc-afre-stock-yoy-2018-09-backcast-v1,2018-10-17T16:00:01+08:00,2,obs-pbc-12167fd3a5d9dc23d2ef29e73469f8ef4efaf56432d2ebd6728b0befa6706954,artifact-r2-160b33fb2f70a2523e3c71985fad31d75f4602b31c9f6e7f424981714859b29d
obs-pbc-384af5b67cfc3b495aa1879492e7a290f7012207f844d7eec65961672f8a9b24,MACRO_AFRE_STOCK_YOY,2018-04,12.0,%,pbc-afre-stock-yoy-2019-09-backcast-v1,2019-10-15T16:30:02+08:00,3,obs-pbc-462afedd04cb28df5bf07193a8359b0e944863c8d368228700ee6d7e012651e2,artifact-r2-0a99bf6346de3d205c569a6b435c5093323fb98b1228263a07084c2960873bb5
obs-pbc-5f1a8f7c071e6d4a5e0495e94a53484a31928371057f80689971fa29cebc8651,MACRO_AFRE_STOCK_YOY,2018-05,10.9,%,pbc-afre-stock-yoy-2018-07-backcast-v1,2018-08-13T19:25:12+08:00,1,obs-pbc-3665f038246211cdbe76637a4275e67ea1ebc73abd5b8216d92b7d748ae40472,artifact-r2-02e8713bfd36392c8cf44d448216ef68d8e968660329e856ce1d392ddb9e0161
obs-pbc-60c059b687a6ba1b9a0759adc1f6439d4199e3754dd94d8264b3457bc012e794,MACRO_AFRE_STOCK_YOY,2018-05,11.6,%,pbc-afre-stock-yoy-2018-09-backcast-v1,2018-10-17T16:00:01+08:00,2,obs-pbc-5f1a8f7c071e6d4a5e0495e94a53484a31928371057f80689971fa29cebc8651,artifact-r2-a6fa8d360ed8eac5aa8387754b16f9a652203df043a8a4d1525c19755f57ac7d
obs-pbc-08a959b19b637f57a577da0b1d2f59eccf4353679537c7b18b1ef3b1a9e19ef2,MACRO_AFRE_STOCK_YOY,2018-05,11.7,%,pbc-afre-stock-yoy-2019-09-backcast-v1,2019-10-15T16:30:02+08:00,3,obs-pbc-60c059b687a6ba1b9a0759adc1f6439d4199e3754dd94d8264b3457bc012e794,artifact-r2-801ad42f8dde49500ef772778331c09454d0d23c4b7de643339bc96cc8501ef3
obs-pbc-462cc7fb367f379bae91b46fa4b36d9ec7bcbab91c87afb890cc9cd0e04815aa,MACRO_AFRE_STOCK_YOY,2018-06,10.5,%,pbc-afre-stock-yoy-2018-07-backcast-v1,2018-08-13T19:25:12+08:00,1,obs-pbc-6a20b290e6fff4252b016d849bf826de35da0cb68f7dcd3491e7e72f2b8fb347,artifact-r2-9d4c88a78053180952e9571e2df685d354852a0a699d6af1808c535a397d06da
obs-pbc-2258b4cdcf95db89f8050197f4ecec9616429ea85f0d4b7c85d5135813aec90d,MACRO_AFRE_STOCK_YOY,2018-06,11.1,%,pbc-afre-stock-yoy-2018-09-backcast-v1,2018-10-17T16:00:01+08:00,2,obs-pbc-462cc7fb367f379bae91b46fa4b36d9ec7bcbab91c87afb890cc9cd0e04815aa,artifact-r2-0b0077c50b863c1887e84f793fca21e4fa29e00d6bedf51aa28d17bb53ff6232
obs-pbc-fd07f7e151a71d30b028bbd8addfb34083bd20b499e2a8297bf779bbc1eacb0e,MACRO_AFRE_STOCK_YOY,2018-06,11.2,%,pbc-afre-stock-yoy-2019-09-backcast-v1,2019-10-15T16:30:02+08:00,3,obs-pbc-2258b4cdcf95db89f8050197f4ecec9616429ea85f0d4b7c85d5135813aec90d,artifact-r2-e53da09115ff41334dec261e0894a94012ee08169476dc58bc993907cb681c82
obs-pbc-6d9042d9475cf86d173a8fcd36cd4c257b5dfdfe25195c8e2fcccf855e37a4d3,MACRO_AFRE_STOCK_YOY,2018-07,10.8,%,pbc-afre-stock-yoy-2018-09-backcast-v1,2018-10-17T16:00:01+08:00,1,obs-pbc-7e675f62657aee26c6a366ad1754e33ffe26d0c6174ed4f9c4e7d992ab3896b9,artifact-r2-c40b4eba8b37b220678dc12df3135b3d502032f89077bf19b268cc3ee379974e
obs-pbc-8eb046a7e458b07c38dde1f28a8a90a403b2352de716d8aa108e533255c7c200,MACRO_AFRE_STOCK_YOY,2018-07,10.9,%,pbc-afre-stock-yoy-2019-09-backcast-v1,2019-10-15T16:30:02+08:00,2,obs-pbc-6d9042d9475cf86d173a8fcd36cd4c257b5dfdfe25195c8e2fcccf855e37a4d3,artifact-r2-d9ad1e4fe587ae8a7ce4c1dd8715a686963a29c57983f001e122a0b1ccf4eafa
obs-pbc-0df30042cb76b852231d771871958ae138e06984d7cebb903c325492a4092417,MACRO_AFRE_STOCK_YOY,2018-08,10.8,%,pbc-afre-stock-yoy-2018-09-backcast-v1,2018-10-17T16:00:01+08:00,1,obs-pbc-dcad7e2eae5b63ea70ca03be66d3ce219190ecbe726a1f78b28a5246b406b88a,artifact-r2-02251dbe9303687ca9ee0753ab8909ed629316745124d2de1b764b833f665e34
obs-pbc-991438891853c27750732e706a2cf13af53d558b17993823720368d7ad9dc794,MACRO_AFRE_STOCK_YOY,2018-08,10.9,%,pbc-afre-stock-yoy-2019-09-backcast-v1,2019-10-15T16:30:02+08:00,2,obs-pbc-0df30042cb76b852231d771871958ae138e06984d7cebb903c325492a4092417,artifact-r2-f376cf119a8c2c5e62226cdced0e54fcbc5c4105cc114b4d0e8787f8de1dbb0a
obs-pbc-791387009ce56c9c2f489eeb81dd08bcd0de74b39d05bf451e148c4b16cd9652,MACRO_AFRE_STOCK_YOY,2018-09,10.6,%,pbc-afre-stock-yoy-2019-09-backcast-v1,2019-10-15T16:30:02+08:00,1,obs-pbc-85cdabe6b5a7eb8abe6077c214a55b4e5dd18b81926a330de0b8535ae56ff0fc,artifact-r2-b0f06ef9e9123ac49fb7938cd1c12e683a254b870a2d47f266cc0dd38f746fba
obs-pbc-3da62d9ed341d90c175db987a098d0be05dd505927fe2c0963e8527ddd84331a,MACRO_AFRE_STOCK_YOY,2018-10,10.3,%,pbc-afre-stock-yoy-2019-09-backcast-v1,2019-10-15T16:30:02+08:00,1,obs-pbc-104aa6dfbf8484a5768d43bac48018284e7b2a31891fbd27ff841dda7d3cd625,artifact-r2-88cb2a71f2c2416e4502d72db1e76c4c52b4e45768a61a808c4a7b3447f50a31
obs-pbc-6e654abca45d3f009f3d3f6e367675c4da8cead18f2ebd16ba2b950c01598a4d,MACRO_AFRE_STOCK_YOY,2018-11,10.0,%,pbc-afre-stock-yoy-2019-09-backcast-v1,2019-10-15T16:30:02+08:00,1,obs-pbc-68d43fd03816a4143f978e9ed043b38ca82ca389977443b0f43e82ed190555ec,artifact-r2-b21bd83858d3ffa4526543714bc2899d6aaaf456b53cbc458b3672d3b07ae22f
obs-pbc-c2eed1b05bbc0a3a7701b3b9c88a895e23b35e01ef90014e411a71805da749e2,MACRO_AFRE_STOCK_YOY,2018-12,9.9,%,pbc-afre-stock-yoy-2019-09-backcast-v1,2019-10-15T16:30:02+08:00,1,obs-pbc-63c9bfd9f0b7477f7d43d59984c237ea38a1cebd0af2751e446ad0ee505c6a04,artifact-r2-48dd94eb2eca304b33989ccaf5c68b0557722bb240082ff5017745f5ddf814bd
obs-pbc-aac783753c66911efd7787ec97bea065820c0af26caf6d3ea46ee796e41cd246,MACRO_AFRE_STOCK_YOY,2019-01,10.5,%,pbc-afre-stock-yoy-2019-09-backcast-v1,2019-10-15T16:30:02+08:00,1,obs-pbc-fcb09d74b3bb68ea1057fcab557227f59be4fcd4c4892091e6ab44be15675e37,artifact-r2-679564f6fe567fe149336b44b3711fabb36ec3f424cc41398657cf705a121909
obs-pbc-9164e3e35fc17b49fbd0e4351af0764d88a06e23c57b4a5f95bad2e509196da7,MACRO_AFRE_STOCK_YOY,2019-02,10.1,%,pbc-afre-stock-yoy-2019-09-backcast-v1,2019-10-15T16:30:02+08:00,1,obs-pbc-a2e6004b1d98a3354c92ebbfd3e183cd7c53f3b9160eefaba206b4da05c5c262,artifact-r2-4f6526bcc61667e6c87f49d3e5195a53f1ce0cf8811f55aaf0091281017bd9bf
obs-pbc-235d114a2075ff0cbca93e6d31b16d00e8913e3206e7d371553eec7f8c261673,MACRO_AFRE_STOCK_YOY,2019-03,10.7,%,pbc-afre-stock-yoy-2019-09-backcast-v1,2019-10-15T16:30:02+08:00,1,obs-pbc-02a8eb540979d9279e81fe9c500fe6eeead370557fadfc3b81e14cc235db8e2a,artifact-r2-33f1be8b89def4dc23d733b20a720adc112e527790ba5389e656d0b09c577f7c
obs-pbc-475948727547785e759d30a3f1267b3d29a1b6784ab1f6b6e72a084344e8da0a,MACRO_AFRE_STOCK_YOY,2019-04,10.5,%,pbc-afre-stock-yoy-2019-09-backcast-v1,2019-10-15T16:30:02+08:00,1,obs-pbc-b774b668ccc23d5bc33798b4480c964dd94cd7a97420dc201020e149ec679bfa,artifact-r2-e68d91daca90452302c2af3b2fa2e54d0803d6dd9c5b898ac6816637e2fddbdc
obs-pbc-7250bb39b8f406de55c15102651d1e9e42d673f4d1262e770f950bc3ec2bb615,MACRO_AFRE_STOCK_YOY,2019-05,10.7,%,pbc-afre-stock-yoy-2019-09-backcast-v1,2019-10-15T16:30:02+08:00,1,obs-pbc-8a743fd683c7ea26d06fa7702b622e617d813cd42b5412f0cebac84a6b562a25,artifact-r2-c7777e312817d480c5bdbd7bcca364cab5d5a291ba7754f2c23fdb87a141f119
obs-pbc-87283b9fac8251a9d37f39b0ac276ef29ef3a975a10878dc30e767943f3df61d,MACRO_AFRE_STOCK_YOY,2019-06,11.0,%,pbc-afre-stock-yoy-2019-09-backcast-v1,2019-10-15T16:30:02+08:00,1,obs-pbc-99afb58a4d534d850bcaa4971fae63bba47cbb7d174dc09d3151e1da2a33f012,artifact-r2-a8aceaa0b10bc0ed42bd315baada7109fd9708d5b998cec2bfafa0c1591662a2
obs-pbc-0fd5e5a48f9fd55e2d6ff1943ba28c45a6e0507872c9bb231aa6cb65e4d66237,MACRO_AFRE_STOCK_YOY,2019-07,10.9,%,pbc-afre-stock-yoy-2019-09-backcast-v1,2019-10-15T16:30:02+08:00,1,obs-pbc-d061811947aaf691a6254a023779636780759f2e7686a675f92849cbc34f75f9,artifact-r2-d465083368e4ee25b49235e48984d01ee07bbfd95f2cb9ddfba06d300d73b6be
obs-pbc-c230f11873b5360683b1180f67401146b52a4d221001d901e8dd441367865575,MACRO_AFRE_STOCK_YOY,2019-08,10.8,%,pbc-afre-stock-yoy-2019-09-backcast-v1,2019-10-15T16:30:02+08:00,1,obs-pbc-d8e976fdb4e512924d42dda48bcc3f4362fdadfc801f29c88d892d1bf34bb759,artifact-r2-2e7165954569025bff3bf8fa873c335f333beda1a1b2539d7768acceb18f418e
